{"chunk_definitions":[{"row":30,"row_count":1,"visible":true,"expansion_state":0,"options":{"engine":"r","dev":"png"},"document_id":"D9CEE9A1","chunk_id":"cyilnjmqgwklg","chunk_label":"unnamed-chunk-1"},{"row":45,"row_count":1,"visible":true,"expansion_state":0,"options":{"engine":"r","dev":"png"},"document_id":"D9CEE9A1","chunk_id":"cphwv42zzg595","chunk_label":"unnamed-chunk-2"},{"row":55,"row_count":1,"visible":true,"expansion_state":0,"options":{"engine":"r","dev":"png"},"document_id":"D9CEE9A1","chunk_id":"cyx4x8579kxim","chunk_label":"unnamed-chunk-3"},{"row":71,"row_count":1,"visible":true,"expansion_state":0,"options":{"engine":"r","dev":"png"},"document_id":"D9CEE9A1","chunk_id":"cb4zbuhp2any8","chunk_label":"unnamed-chunk-4"},{"row":82,"row_count":1,"visible":true,"expansion_state":0,"options":{"engine":"r","dev":"png"},"document_id":"D9CEE9A1","chunk_id":"cqrn1xo2ez6bn","chunk_label":"unnamed-chunk-5"}],"doc_write_time":1744740273}